"view","state","listScroll","history","expanded","fullPresent","fullLines","fullVisible","remove","removeViewport","removeList","hitAll","pageOverflow"
"light-1440","collapsed-bottom","83/83","38.2px","False",,"0","0","24x24","True","True","True","False"
"light-1440","expanded-top","141/185","108px","True",,"0","0","24x24","True","True","True","False"
"light-1440","expanded-bottom","153/153","108px","True",,"0","0","24x24","True","True","True","False"
"light-390","collapsed-bottom","112/112","78.4px","False",,"0","0","44x44","True","True","True","False"
"light-390","expanded-top","175/175","140.6px","True",,"0","0","44x44","True","True","True","False"
"light-390","expanded-bottom","175/175","140.6px","True",,"0","0","44x44","True","True","True","False"
"light-320","collapsed-bottom","112/112","78.4px","False",,"0","0","44x44","True","True","True","False"
"light-320","expanded-top","191/191","157.4px","True",,"0","0","44x44","True","True","True","False"
"light-320","expanded-bottom","191/191","157.4px","True",,"0","0","44x44","True","True","True","False"
"hud-1440","collapsed-bottom","83/83","38.2px","False",,"0","0","24x24","True","True","True","False"
"hud-1440","expanded-top","141/185","108px","True",,"0","0","24x24","True","True","True","False"
"hud-1440","expanded-bottom","153/153","108px","True",,"0","0","24x24","True","True","True","False"
"hud-390","collapsed-bottom","112/112","78.4px","False",,"0","0","44x44","True","True","True","False"
"hud-390","expanded-top","175/175","140.6px","True",,"0","0","44x44","True","True","True","False"
"hud-390","expanded-bottom","175/175","140.6px","True",,"0","0","44x44","True","True","True","False"
"hud-320","collapsed-bottom","112/112","78.4px","False",,"0","0","44x44","True","True","True","False"
"hud-320","expanded-top","191/191","157.4px","True",,"0","0","44x44","True","True","True","False"
"hud-320","expanded-bottom","191/191","157.4px","True",,"0","0","44x44","True","True","True","False"
