started	2026-10-06T02:17:08.6949839+08:00
cwd	F:\work\linkx-admin
node	v26.8.1
command	node "C:/Users/Administrator/.codex/skills/impeccable/scripts/detect.mjs" --json "linkx-fe/src/components/LxPasswordInput/index.vue"
stdout	linkx-fe-src-components-LxPasswordInput-index-vue.stdout.json
stderr	linkx-fe-src-components-LxPasswordInput-index-vue.stderr.txt
exit-code	linkx-fe-src-components-LxPasswordInput-index-vue.exit-code.txt
result	linkx-fe/src/components/LxPasswordInput/index.vue	0
command	node "C:/Users/Administrator/.codex/skills/impeccable/scripts/detect.mjs" --json "linkx-fe/src/components/LxPasswordInput/demo/basic.vue"
stdout	linkx-fe-src-components-LxPasswordInput-demo-basic-vue.stdout.json
stderr	linkx-fe-src-components-LxPasswordInput-demo-basic-vue.stderr.txt
exit-code	linkx-fe-src-components-LxPasswordInput-demo-basic-vue.exit-code.txt
result	linkx-fe/src/components/LxPasswordInput/demo/basic.vue	0
command	node "C:/Users/Administrator/.codex/skills/impeccable/scripts/detect.mjs" --json "linkx-fe/docs/components/lxpasswordinput.md"
stdout	linkx-fe-docs-components-lxpasswordinput-md.stdout.json
stderr	linkx-fe-docs-components-lxpasswordinput-md.stderr.txt
exit-code	linkx-fe-docs-components-lxpasswordinput-md.exit-code.txt
result	linkx-fe/docs/components/lxpasswordinput.md	0
finished	2026-10-06T02:17:09.2109747+08:00
